{"cameraMode":{"drawMode":0,"name":"Shaded","section":"Shading Mode"},"sceneLighting":true,"audioPlay":false,"sceneViewState":{"showFog":true,"showMaterialUpdate":false,"showSkybox":true,"showFlares":true,"showImageEffects":true,"showParticleSystems":true},"in2DMode":false,"pivot":{"x":379.3936767578125,"y":125.89552307128906,"z":5.759033203125},"rotation":{"x":0.0056895362213253979,"y":0.01559673435986042,"z":0.00008597903797635809,"w":-0.9998957514762878},"size":341.5648498535156,"orthographic":true}