{"cameraMode":{"drawMode":0,"name":"Shaded","section":"Shading Mode"},"sceneLighting":false,"audioPlay":false,"sceneViewState":{"showFog":true,"showMaterialUpdate":false,"showSkybox":false,"showFlares":true,"showImageEffects":true,"showParticleSystems":true},"in2DMode":false,"pivot":{"x":5.4325103759765629,"y":-3.2422847747802736,"z":91.6500015258789},"rotation":{"x":-0.2531875967979431,"y":0.07738927006721497,"z":-0.020323654636740686,"w":-0.9641266465187073},"size":9.706873893737793,"orthographic":true}